<?xml version="1.0" ?>
<LOG_ROOT>
	<PROJECT NAME="CostasLoop">
		<CBX_INST_ENTRY INSTANCE_NAME="|sync_top|CostasLoop:u1|fir_lpf:u4|fir_lpf_ast:fir_lpf_ast_inst|auk_dspip_avalon_streaming_sink_fir_121:sink|scfifo:\normal_fifo:fifo_eab_on:in_fifo" CBX_FILE_NAME="scfifo_fhh1.tdf"/>
		<CBX_INST_ENTRY INSTANCE_NAME="|sync_top|CostasLoop:u1|mult8_8:u2|lpm_mult:lpm_mult_component" CBX_FILE_NAME="mult_h3p.tdf"/>
		<CBX_INST_ENTRY INSTANCE_NAME="|sync_top|CostasLoop:u1|nco:u0|nco_st:nco_st_inst|asj_dxx:ux002|lpm_add_sub:ux014" CBX_FILE_NAME="add_sub_tth.tdf"/>
		<CBX_INST_ENTRY INSTANCE_NAME="|sync_top|CostasLoop:u1|nco:u0|nco_st:nco_st_inst|asj_nco_as_m_cen:ux0121|altsyncram:altsyncram_component0" CBX_FILE_NAME="altsyncram_uo81.tdf"/>
		<CBX_INST_ENTRY INSTANCE_NAME="|sync_top|CostasLoop:u1|fir_lpf:u3|fir_lpf_ast:fir_lpf_ast_inst|auk_dspip_avalon_streaming_sink_fir_121:sink|scfifo:\normal_fifo:fifo_eab_on:in_fifo" CBX_FILE_NAME="scfifo_fhh1.tdf"/>
		<CBX_INST_ENTRY INSTANCE_NAME="|sync_top|CostasLoop:u1|mult8_8:u1|lpm_mult:lpm_mult_component" CBX_FILE_NAME="mult_h3p.tdf"/>
		<CBX_INST_ENTRY INSTANCE_NAME="|sync_top|CostasLoop:u1|nco:u0|nco_st:nco_st_inst|asj_altqmcpipe:ux000|lpm_add_sub:acc" CBX_FILE_NAME="add_sub_v4i.tdf"/>
		<CBX_INST_ENTRY INSTANCE_NAME="|sync_top|CostasLoop:u1|nco:u0|nco_st:nco_st_inst|asj_nco_as_m_cen:ux0120|altsyncram:altsyncram_component0" CBX_FILE_NAME="altsyncram_3p81.tdf"/>
		<CBX_INST_ENTRY INSTANCE_NAME="|sync_top|CostasLoop:u1|nco:u0|nco_st:nco_st_inst|asj_nco_fxx:ux003|lpm_add_sub:acc" CBX_FILE_NAME="add_sub_88h.tdf"/>
		<CBX_INST_ENTRY INSTANCE_NAME="|sync_top|CostasLoop:u1|nco:u0|nco_st:nco_st_inst|asj_nco_isdr:ux710isdr|lpm_counter:lpm_counter_component" CBX_FILE_NAME="cntr_ori.tdf"/>
	</PROJECT>
</LOG_ROOT>
